Filename,Random Forest,SVR Linear,SVR Poly,SVR RBF,KNN,Gradient Boosting,AdaBoost,O3
nestedLoop.c,1.0248472967315043,1.0196547986586373,1.011527580499372,1.0106902070347197,1.011288889932345,0.9792847891501442,1.0084285160881354,1.0
recursion.c,0.8323573686864412,0.9227485029278939,0.9559067637846572,0.8718866973135515,0.8402337898467779,0.9618251213668167,0.9605994913451381,1.0
select.c,1.2198980898711944,0.9858249780444965,0.976196574941452,1.1474129098360655,1.1785211138758782,1.202178168911007,1.0241464798009368,1.0
