Filename,Random Forest,SVR Linear,SVR Poly,SVR RBF,KNN,Gradient Boosting,AdaBoost,O3
select.c,0.9017906936116716,0.9582583959332696,1.0021873662640144,0.9976529340799345,1.0084425422795855,1.001148267143615,1.0071663889822355,1.0
select.c,0.9788680568577997,0.9892344722245952,0.9287288834028112,0.9194790993341313,0.9663511888876399,0.9399499020779838,1.0064264553495221,1.0
