Filename,Random Forest,SVR Linear,SVR Poly,SVR RBF,KNN,Gradient Boosting,AdaBoost,Random Number,O3
nestedLoop.c,1.0138041382225191,1.0292422818715965,0.982354250867004,0.9735804342001487,0.9833127667523293,0.9837995720641677,0.9866185144513251,1.00243780024378,1.0
recursion.c,1.221862994239541,1.2093366478648482,1.1988903391245394,0.968771763143209,0.9629559594692445,0.957919593401069,1.1325136170978172,0.9662812524501552,1.0
select.c,1.0641949795794443,1.0816234586642899,1.0438625701497508,1.042413053485206,1.0428292998246869,1.049954457753445,1.0686218818252158,1.0467958825891501,1.0
