Filename,Random Forest,SVR Linear,SVR Poly,SVR RBF,KNN,Gradient Boosting,AdaBoost,Random Number,O0,O1,O2,O3
nestedLoop.c,1.0346589322904443,0.950387007038513,0.9774861465562179,0.9679795836184726,0.9836426836770239,1.045556398277553,1.0517994036163478,0.9607607226766608,0.9718138314561495,0.957741746608593,0.9735234316518148,1.0
recursion.c,0.9814238569051829,0.9573259478370397,0.9654313151324158,0.9822792719302378,0.9613724328251259,0.9868414853971977,0.9880415458961154,0.970950601641901,1.0622097477641435,1.0018075291398987,1.010527803467778,1.0
select.c,0.9987888141366618,1.057967105690326,1.1713565781127477,0.9914467802434359,0.963754326555687,0.9861450326395861,1.114520744991684,0.9793923592901702,0.9725822482606372,0.9941288701758592,1.0470539464680821,1.0
test1.c,1.0013607709183816,0.9830945041517398,0.9808751515824747,0.9722685069473372,0.9639974265692836,0.9921477963842372,1.186599183537449,1.0762448276819685,0.99665592861044,0.9937330482194267,0.9687161542947597,1.0
test2.c,0.9794129366449728,0.9932658049693233,0.985427108746764,1.0008947857757025,0.9629502764748237,0.9768450878824102,0.9824118670963502,1.0112990005895333,0.9778354106810392,0.9859700386575417,0.9812467814509045,1.0
toy.c,1.0006457616173532,1.0148626866734125,0.9981186472565301,1.0284058840578236,0.9830500287287649,0.991244082637148,0.9968271240218237,1.0830337575699025,1.014956754310586,1.0739702136098075,1.0352931605200668,1.0
s017262325.cpp,0.9998505858200122,0.9910584345274825,1.0305212420393288,1.0149491797743653,0.9937789368695983,1.00678185141633,1.0076550511695055,0.9811272426680328,1.0305678126928317,0.9955059319369899,1.0003783865597093,1.0
