Filename,Random Forest,SVR Linear,SVR Poly,SVR RBF,KNN,Gradient Boosting,AdaBoost,Random Number,O0,O1,O2,O3
nestedLoop.c,0.8186401019884642,0.8151731160896131,0.8096306027580417,0.8186401019884642,0.8084878966433979,0.8100581458621601,0.7999448080720138,0.8257878453382255,0.8405730632297383,0.8403126506117753,0.8863396091478677,1.0
recursion.c,0.9997321844434094,0.9911310355534855,0.9944030430057444,1.0036717900947059,0.9988899239248564,0.9938014283496351,0.9922255860891166,0.9942400248408633,1.003427262847384,1.0039745381151994,1.007328054649899,1.0
select.c,1.1841847472006224,1.2236877258602021,1.1983585734306377,1.2164227024949497,1.2161461628958852,1.194304221681642,1.2074093864101878,1.2164742607252836,1.0215700887270274,0.9960909487183093,0.9954206917239666,1.0
