Testcase name,Best 5 Times,Best 5 Opt Passes
test2.c,-O1,0.01228591799736023
test2.c,-O2,0.01256696879863739
test2.c,-O3,0.012792486697435379
test2.c,"[0.0005271360278129578, 0.0005461014807224274, 0.0005512051284313202, 0.0005517676472663879, 0.0005524791777133942]","[79, 110, 76, 85, 86]"
test1.c,-O1,0.014686435461044312
test1.c,-O2,0.01322472095489502
test1.c,-O3,0.013530615717172623
test1.c,"[0.0005510300397872925, 0.0005539245903491974, 0.0005589872598648071, 0.0005675815045833588, 0.0005715154111385345]","[58, 103, 111, 114, 115]"
