Testcase name,Best 5 Times,Best 5 Opt Passes
test2.c,"[0.0005301758646965027, 0.0005416609346866608, 0.0005547888576984406, 0.000554889440536499, 0.0005624070763587952]","[9, 78, 67, 104, 99]"
test1.c,"[0.0005255602300167084, 0.0005374401807785034, 0.0005433112382888794, 0.0005542896687984467, 0.000561881810426712]","[4, 81, 82, 83, 106]"
