Filename,Random Forest,SVR Linear,SVR Poly,SVR RBF,KNN,Gradient Boosting,AdaBoost,Random Number,O0,O1,O2,O3
recursion.c,0.24541180530866488,0.2094099514969728,0.25150102253359136,-0.14316701991551337,0.1956378821098319,0.18421004248443434,-0.09852132238311608,0.03236295405966154,0.15288929512217236,0.2577955910630819,0.16416491158283023,0.0
