Filename,Random Forest,SVR Linear,SVR Poly,SVR RBF,KNN,Gradient Boosting,AdaBoost,Random Number,O0,O1,O2,O3
recursion.c,0.4836060367524624,0.5066791698336601,0.47970353439450264,0.7326412945985794,0.5155055150389671,0.5228294730186462,0.7040284313261509,0.6201463527977467,0.5429025441408157,0.47566942498087883,0.5356761440634727,0.6408873610198498
